Sample	Bin Id	Marker lineage	# genomes	# markers	# marker sets	Completeness	Contamination	Strain heterogeneity	Genome size (bp)	# ambiguous bases	# scaffolds	# contigs	N50 (scaffolds)	N50 (contigs)	Mean scaffold length (bp)	Mean contig length (bp)	Longest scaffold (bp)	Longest contig (bp)	GC	GC std (scaffolds > 1kbp)	Coding density	Translation table	# predicted genes	0	1	2	3	4	5+
A02_01_coassembly	A02_01_coassembly_bin.1	o__Rhizobiales (UID3447)	356	416	249	88.88	3.38	21.43	2067286	0	192	192	15434	15434	10767	10767	52271	52271	62.5	1.24	89.38	11	2112	36	366	14	0	0	0
A02_01_coassembly	A02_01_coassembly_bin.2	c__Deltaproteobacteria (UID3216)	83	247	155	95.81	4.83	0.00	3197520	0	495	495	10107	10107	6459	6459	65254	65254	43.2	2.16	82.85	11	3022	10	217	20	0	0	0
A02_01_coassembly	A02_01_coassembly_bin.3	k__Bacteria (UID1452)	924	151	101	83.88	2.97	100.00	969988	0	183	183	6357	6357	5300	5300	23496	23496	50.6	1.68	92.47	11	1124	21	126	4	0	0	0
A02_01_coassembly	A02_01_coassembly_bin.4	o__Actinomycetales (UID1815)	120	572	265	86.62	2.01	28.57	3385699	0	364	364	14221	14221	9301	9301	72770	72770	68.4	1.69	93.16	11	3410	95	465	11	1	0	0
A02_01_coassembly	A02_01_coassembly_bin.5	o__Actinomycetales (UID1815)	120	572	265	88.67	3.47	26.32	3594614	0	165	165	35179	35179	21785	21785	141667	141667	68.1	1.04	94.27	11	3578	78	477	16	1	0	0
A02_01_coassembly	A02_01_coassembly_bin.6	o__Actinomycetales (UID1815)	120	574	266	90.83	1.75	76.92	3814931	0	334	334	14104	14104	11421	11421	88883	88883	64.4	1.16	90.84	11	3821	50	511	13	0	0	0
A02_01_coassembly	A02_01_coassembly_bin.7	k__Bacteria (UID1452)	924	151	101	86.20	2.97	33.33	1652465	0	286	286	7074	7074	5777	5777	39500	39500	46.9	1.98	85.52	11	1871	21	127	3	0	0	0
A02_01_coassembly	A02_01_coassembly_bin.8	k__Bacteria (UID2565)	2921	142	87	93.53	0.00	0.00	2903787	0	404	404	10474	10474	7187	7187	58777	58777	49.2	1.74	89.65	11	2651	14	128	0	0	0	0
A08_01_coassembly	A08_01_coassembly_bin.1	k__Bacteria (UID3187)	2258	181	110	91.59	3.18	0.00	2264854	0	290	290	9949	9949	7809	7809	47414	47414	44.8	1.70	89.14	11	2302	11	166	4	0	0	0
A08_01_coassembly	A08_01_coassembly_bin.2	o__Actinomycetales (UID1815)	120	574	266	95.26	0.88	50.00	3622050	0	239	239	21924	21924	15155	15155	77029	77029	64.4	1.12	90.30	11	3617	21	547	6	0	0	0
A08_01_coassembly	A08_01_coassembly_bin.3	c__Deltaproteobacteria (UID3217)	62	280	168	93.75	0.89	0.00	2553595	0	159	159	25730	25730	16060	16060	102963	102963	48.7	1.93	89.85	11	2441	12	266	2	0	0	0
A08_01_coassembly	A08_01_coassembly_bin.4	o__Actinomycetales (UID1815)	120	572	265	84.13	1.49	55.56	3311355	0	345	345	15284	15284	9598	9598	60607	60607	68.6	1.50	93.88	11	3294	110	453	9	0	0	0
A08_01_coassembly	A08_01_coassembly_bin.5	k__Bacteria (UID2565)	2921	142	87	86.63	1.72	100.00	2598549	0	502	502	6452	6452	5176	5176	39635	39635	49.2	1.72	90.27	11	2482	30	110	2	0	0	0
A08_01_coassembly	A08_01_coassembly_bin.6	k__Bacteria (UID3187)	2258	190	119	93.28	1.05	0.00	2567219	0	287	287	13474	13474	8945	8945	104958	104958	58.8	2.14	89.51	11	2525	11	177	2	0	0	0
A08_01_coassembly	A08_01_coassembly_bin.7	o__Rhizobiales (UID3447)	356	416	249	89.43	0.47	0.00	2143289	0	225	225	14095	14095	9525	9525	40815	40815	62.2	1.73	89.00	11	2211	36	376	4	0	0	0
A13_01_coassembly	A13_01_coassembly_bin.1	k__Bacteria (UID2565)	2921	143	88	88.64	4.34	7.14	4605568	0	797	797	8382	8382	5778	5778	70717	70717	59.7	1.18	86.85	11	4156	11	118	14	0	0	0
A13_01_coassembly	A13_01_coassembly_bin.10	c__Alphaproteobacteria (UID3305)	564	349	230	88.01	1.96	16.67	3377372	0	485	485	11019	11019	6963	6963	46507	46507	45.4	2.13	91.87	11	3347	74	269	6	0	0	0
A13_01_coassembly	A13_01_coassembly_bin.11	k__Bacteria (UID2495)	2993	147	91	89.98	2.75	33.33	2746009	0	280	280	15465	15465	9807	9807	49663	49663	40.4	1.55	91.24	11	2489	12	132	3	0	0	0
A13_01_coassembly	A13_01_coassembly_bin.12	c__Deltaproteobacteria (UID3217)	62	280	168	87.90	4.07	20.00	2572199	0	467	467	7392	7392	5507	5507	39789	39789	47.3	1.83	87.17	11	2659	36	221	22	1	0	0
A13_01_coassembly	A13_01_coassembly_bin.13	c__Deltaproteobacteria (UID3216)	83	247	155	87.70	1.94	66.67	3692954	0	216	216	23643	23643	17097	17097	91173	91173	63.2	1.28	92.72	11	3377	53	191	3	0	0	0
A13_01_coassembly	A13_01_coassembly_bin.14	k__Bacteria (UID203)	5449	103	57	80.86	0.00	0.00	5284957	0	351	351	19891	19891	15056	15056	76788	76788	65.7	1.22	91.92	11	4923	45	58	0	0	0	0
A13_01_coassembly	A13_01_coassembly_bin.15	o__Actinomycetales (UID1815)	120	572	265	87.50	1.11	42.86	3400973	0	374	374	13774	13774	9093	9093	63580	63580	68.6	1.43	93.37	11	3434	93	472	7	0	0	0
A13_01_coassembly	A13_01_coassembly_bin.16	k__Bacteria (UID2495)	2993	143	89	81.73	1.94	0.00	2911423	0	519	519	6732	6732	5609	5609	33113	33113	62.5	1.58	95.04	11	3061	19	120	4	0	0	0
A13_01_coassembly	A13_01_coassembly_bin.17	k__Bacteria (UID2565)	2921	152	93	89.77	1.32	0.00	6921965	0	1014	1014	9260	9260	6826	6826	40052	40052	59.2	1.40	90.87	11	5927	16	133	3	0	0	0
A13_01_coassembly	A13_01_coassembly_bin.18	k__Bacteria (UID2495)	2993	147	91	89.77	2.20	0.00	2842173	0	353	353	9580	9580	8051	8051	41266	41266	46.8	1.24	93.10	11	2647	39	106	2	0	0	0
A13_01_coassembly	A13_01_coassembly_bin.19	c__Deltaproteobacteria (UID3216)	83	247	155	90.32	1.45	33.33	4007118	0	419	419	15451	15451	9563	9563	62575	62575	63.2	2.07	93.35	11	3809	62	182	3	0	0	0
A13_01_coassembly	A13_01_coassembly_bin.2	k__Bacteria (UID2565)	2921	143	88	90.91	4.61	33.33	3827962	0	683	683	7809	7809	5604	5604	60338	60338	60.2	1.47	93.01	11	3646	9	128	6	0	0	0
A13_01_coassembly	A13_01_coassembly_bin.20	c__Deltaproteobacteria (UID3216)	83	247	155	93.51	1.94	33.33	2221715	0	84	84	50656	50656	26448	26448	178092	178092	51.8	2.62	87.59	11	2012	12	232	3	0	0	0
A13_01_coassembly	A13_01_coassembly_bin.21	s__algicola (UID2846)	47	571	303	88.99	0.87	40.00	3678137	0	435	435	12461	12461	8455	8455	48392	48392	39.1	1.54	90.93	11	3549	74	492	5	0	0	0
A13_01_coassembly	A13_01_coassembly_bin.3	k__Bacteria (UID2569)	434	278	186	90.77	0.54	0.00	3273143	0	196	196	27340	27340	16699	16699	95603	95603	35.2	1.39	90.80	11	2784	25	252	1	0	0	0
A13_01_coassembly	A13_01_coassembly_bin.4	k__Bacteria (UID3187)	2258	188	117	84.46	4.27	0.00	5693157	0	435	435	17534	17534	13087	13087	75396	75396	40.0	2.23	90.71	11	4899	28	154	6	0	0	0
A13_01_coassembly	A13_01_coassembly_bin.5	k__Bacteria (UID2565)	2921	142	87	88.99	4.29	87.50	2659667	0	327	327	11102	11102	8133	8133	51564	51564	49.3	1.63	90.25	11	2396	24	110	8	0	0	0
A13_01_coassembly	A13_01_coassembly_bin.6	o__Actinomycetales (UID1815)	120	574	266	97.84	3.88	40.00	4459260	0	478	478	16302	16302	9328	9328	55164	55164	64.4	1.75	89.93	11	4529	11	538	25	0	0	0
A13_01_coassembly	A13_01_coassembly_bin.7	k__Bacteria (UID3187)	2258	190	119	90.55	1.68	0.00	2853279	0	76	76	63046	63046	37543	37543	326881	326881	63.3	1.68	93.45	11	2593	30	158	2	0	0	0
A13_01_coassembly	A13_01_coassembly_bin.8	k__Bacteria (UID1452)	924	151	101	80.80	3.96	100.00	2781700	0	651	651	4945	4945	4272	4272	29094	29094	63.3	1.68	86.82	11	3033	24	123	4	0	0	0
A13_01_coassembly	A13_01_coassembly_bin.9	k__Bacteria (UID2565)	2921	143	88	94.32	4.29	28.57	5504149	0	688	688	13256	13256	8000	8000	67581	67581	63.6	1.14	85.70	11	4371	5	131	7	0	0	0
A18_01_coassembly	A18_01_coassembly_bin.1	k__Bacteria (UID2982)	88	230	148	89.19	3.75	28.57	2379337	0	387	387	8623	8623	6148	6148	54112	54112	51.5	2.80	85.28	11	2184	20	203	7	0	0	0
A18_01_coassembly	A18_01_coassembly_bin.10	k__Bacteria (UID2565)	2921	142	87	85.31	4.09	0.00	7762782	0	1198	1198	8981	8981	6479	6479	42060	42060	64.4	1.99	89.05	11	6279	18	119	5	0	0	0
A18_01_coassembly	A18_01_coassembly_bin.11	o__Actinomycetales (UID1815)	120	572	265	88.37	4.99	20.00	3574315	0	283	283	20855	20855	12630	12630	78324	78324	68.1	1.28	94.09	11	3651	92	460	20	0	0	0
A18_01_coassembly	A18_01_coassembly_bin.12	k__Bacteria (UID2569)	434	278	186	94.57	2.96	0.00	3791583	0	281	281	27445	27445	13493	13493	92138	92138	35.4	1.78	90.50	11	3298	17	255	6	0	0	0
A18_01_coassembly	A18_01_coassembly_bin.13	o__Actinomycetales (UID1815)	120	574	266	97.68	2.02	26.32	4224731	0	391	391	22493	22493	10804	10804	124975	124975	64.4	1.65	89.82	11	4294	12	543	19	0	0	0
A18_01_coassembly	A18_01_coassembly_bin.2	k__Bacteria (UID1452)	924	151	101	92.08	0.99	100.00	2091277	0	210	210	13343	13343	9958	9958	51235	51235	47.7	2.07	85.95	11	2158	10	140	1	0	0	0
A18_01_coassembly	A18_01_coassembly_bin.3	o__Rhizobiales (UID3447)	356	416	249	92.09	1.14	40.00	2270564	0	312	312	12246	12246	7277	7277	33126	33126	62.3	1.81	89.01	11	2388	30	381	5	0	0	0
A18_01_coassembly	A18_01_coassembly_bin.4	c__Deltaproteobacteria (UID3216)	83	247	155	83.06	2.36	75.00	4704354	0	1097	1097	5120	5120	4288	4288	37090	37090	56.4	1.77	82.00	11	4702	33	202	12	0	0	0
A18_01_coassembly	A18_01_coassembly_bin.5	k__Bacteria (UID1452)	924	151	101	81.80	0.50	100.00	706112	0	170	170	4750	4750	4153	4153	20034	20034	44.9	2.21	92.80	11	883	28	122	1	0	0	0
A18_01_coassembly	A18_01_coassembly_bin.6	c__Deltaproteobacteria (UID3216)	83	247	155	96.13	2.90	14.29	3577679	0	315	315	22725	22725	11357	11357	116752	116752	42.8	1.95	82.03	11	3195	7	233	7	0	0	0
A18_01_coassembly	A18_01_coassembly_bin.7	k__Bacteria (UID2565)	2921	152	93	80.10	3.32	0.00	1239808	0	208	208	8347	8347	5960	5960	28472	28472	40.4	1.45	95.49	11	1457	31	117	4	0	0	0
A18_01_coassembly	A18_01_coassembly_bin.8	k__Bacteria (UID2565)	2921	143	88	85.98	0.10	0.00	5061868	0	1163	1163	5264	5264	4352	4352	27622	27622	66.2	1.29	89.07	11	4441	14	128	1	0	0	0
A18_01_coassembly	A18_01_coassembly_bin.9	k__Archaea (UID2)	207	149	107	84.11	2.34	33.33	869223	0	73	73	17723	17723	11907	11907	38894	38894	41.7	1.17	92.52	11	958	19	127	3	0	0	0
A18_03_coassembly	A18_03_coassembly_bin.1	k__Bacteria (UID1452)	924	151	101	85.88	2.45	33.33	1519799	0	275	275	7012	7012	5526	5526	38244	38244	46.9	2.07	86.56	11	1699	18	127	6	0	0	0
A18_03_coassembly	A18_03_coassembly_bin.10	c__Deltaproteobacteria (UID3216)	83	247	155	86.13	2.26	0.00	2687049	0	524	524	5955	5955	5127	5127	26438	26438	45.3	2.44	88.99	11	2670	34	208	5	0	0	0
A18_03_coassembly	A18_03_coassembly_bin.11	p__Euryarchaeota (UID3)	148	188	125	92.00	2.40	0.00	3299113	0	484	484	8416	8416	6816	6816	34234	34234	51.0	2.31	93.37	11	2823	11	173	4	0	0	0
A18_03_coassembly	A18_03_coassembly_bin.12	k__Bacteria (UID1453)	901	171	117	86.15	4.27	16.67	2390384	0	498	498	6342	6342	4799	4799	43314	43314	59.5	1.30	93.33	11	2718	19	146	6	0	0	0
A18_03_coassembly	A18_03_coassembly_bin.13	k__Bacteria (UID2565)	2921	152	93	88.71	4.12	0.00	1450036	0	161	161	13690	13690	9006	9006	39819	39819	46.5	1.70	93.74	11	1504	13	134	4	1	0	0
A18_03_coassembly	A18_03_coassembly_bin.14	k__Bacteria (UID2565)	2921	143	88	96.59	1.24	0.00	2913567	0	260	260	18904	18904	11206	11206	80111	80111	62.5	1.90	92.27	11	2796	4	137	2	0	0	0
A18_03_coassembly	A18_03_coassembly_bin.15	c__Gammaproteobacteria (UID4267)	119	544	284	80.02	4.34	21.74	3054146	0	745	745	4911	4911	4099	4099	66955	66955	62.4	2.17	92.58	11	3409	122	401	20	1	0	0
A18_03_coassembly	A18_03_coassembly_bin.16	k__Bacteria (UID1452)	924	151	101	87.39	0.00	0.00	1130149	0	188	188	7468	7468	6011	6011	33259	33259	50.0	2.20	91.40	11	1276	16	135	0	0	0	0
A18_03_coassembly	A18_03_coassembly_bin.2	k__Bacteria (UID2565)	2921	152	93	91.40	2.15	0.00	2363691	0	202	202	19474	19474	11701	11701	90903	90903	52.9	2.05	88.71	11	2257	8	142	2	0	0	0
A18_03_coassembly	A18_03_coassembly_bin.3	k__Bacteria (UID2565)	2921	152	93	92.41	3.23	33.33	2544892	0	324	324	10184	10184	7854	7854	37428	37428	57.4	2.42	86.15	11	2283	9	140	3	0	0	0
A18_03_coassembly	A18_03_coassembly_bin.4	k__Bacteria (UID2495)	2993	143	89	95.11	0.56	100.00	5944872	0	874	874	9207	9207	6801	6801	42697	42697	61.5	2.29	87.69	11	5020	11	131	1	0	0	0
A18_03_coassembly	A18_03_coassembly_bin.5	o__Actinomycetales (UID1815)	120	574	266	96.55	2.08	28.57	3693579	0	283	283	22034	22034	13051	13051	76586	76586	64.4	1.33	90.14	11	3753	17	538	18	1	0	0
A18_03_coassembly	A18_03_coassembly_bin.6	k__Bacteria (UID2565)	2921	143	88	91.49	3.41	0.00	4752919	0	1104	1104	5082	5082	4305	4305	31114	31114	64.7	1.96	89.06	11	4184	12	127	4	0	0	0
A18_03_coassembly	A18_03_coassembly_bin.7	k__Bacteria (UID1452)	924	151	101	81.85	0.20	100.00	761760	0	106	106	10376	10376	7186	7186	41235	41235	44.9	1.82	92.39	11	866	21	129	1	0	0	0
A18_03_coassembly	A18_03_coassembly_bin.8	k__Bacteria (UID2565)	2921	143	88	97.73	1.14	0.00	6681017	0	578	578	16820	16820	11558	11558	90059	90059	62.2	1.36	83.80	11	5241	2	140	1	0	0	0
A18_03_coassembly	A18_03_coassembly_bin.9	k__Bacteria (UID2565)	2921	143	88	97.73	1.91	50.00	5628819	0	531	531	20697	20697	10600	10600	70900	70900	60.4	1.44	85.75	11	4904	2	137	4	0	0	0
A18_04_coassembly	A18_04_coassembly_bin.1	k__Bacteria (UID3187)	2258	188	117	85.17	3.63	16.67	2589892	0	404	404	8838	8838	6410	6410	42066	42066	63.8	1.78	94.98	11	2552	63	119	6	0	0	0
A18_04_coassembly	A18_04_coassembly_bin.10	k__Bacteria (UID2565)	2921	143	88	82.80	3.01	20.00	3403412	0	693	693	5894	5894	4911	4911	23813	23813	60.3	1.56	89.97	11	3220	30	108	5	0	0	0
A18_04_coassembly	A18_04_coassembly_bin.11	k__Bacteria (UID2565)	2921	152	93	90.86	3.95	0.00	2384796	0	195	195	18214	18214	12229	12229	61352	61352	52.9	1.80	88.95	11	2259	10	135	7	0	0	0
A18_04_coassembly	A18_04_coassembly_bin.12	k__Bacteria (UID2495)	2993	147	91	81.77	2.38	33.33	1691109	0	501	501	3909	3909	3375	3375	15985	15985	63.0	3.05	92.99	11	1994	18	126	3	0	0	0
A18_04_coassembly	A18_04_coassembly_bin.13	k__Bacteria (UID2565)	2921	142	87	81.40	1.15	0.00	2738105	0	648	648	4934	4934	4225	4225	66981	66981	59.0	2.26	85.42	11	2677	30	111	1	0	0	0
A18_04_coassembly	A18_04_coassembly_bin.14	k__Bacteria (UID2982)	88	230	148	88.18	2.06	0.00	2323292	0	246	246	12395	12395	9444	9444	58824	58824	51.4	2.34	85.07	11	2046	19	206	5	0	0	0
A18_04_coassembly	A18_04_coassembly_bin.15	k__Bacteria (UID2565)	2921	152	93	91.40	3.41	0.00	1352394	0	155	155	13180	13180	8725	8725	54772	54772	46.5	1.82	94.08	11	1406	9	139	4	0	0	0
A18_04_coassembly	A18_04_coassembly_bin.2	k__Bacteria (UID203)	5449	102	56	82.14	4.71	5.00	1813088	0	405	405	5348	5348	4476	4476	22865	22865	46.5	1.45	88.10	11	1953	10	74	17	1	0	0
A18_04_coassembly	A18_04_coassembly_bin.3	k__Bacteria (UID2565)	2921	152	93	89.25	2.15	0.00	1814749	0	251	251	9297	9297	7230	7230	23752	23752	53.3	2.17	89.80	11	1764	11	139	2	0	0	0
A18_04_coassembly	A18_04_coassembly_bin.4	c__Deltaproteobacteria (UID3216)	83	247	155	83.74	3.39	16.67	2413417	0	434	434	7389	7389	5560	5560	37025	37025	66.6	1.53	92.62	11	2571	52	189	6	0	0	0
A18_04_coassembly	A18_04_coassembly_bin.5	k__Archaea (UID2)	207	149	107	92.52	0.93	0.00	918922	0	189	189	5361	5361	4862	4862	20381	20381	47.2	1.87	92.82	11	1204	9	139	1	0	0	0
A18_04_coassembly	A18_04_coassembly_bin.6	o__Actinomycetales (UID1815)	120	574	266	96.65	0.86	60.00	3655008	0	297	297	21099	21099	12306	12306	74271	74271	64.4	1.26	90.21	11	3697	15	549	10	0	0	0
A18_04_coassembly	A18_04_coassembly_bin.7	o__Rhizobiales (UID3447)	356	416	249	88.76	1.00	0.00	2105502	0	223	223	13394	13394	9441	9441	39342	39342	62.4	1.49	89.32	11	2187	33	379	4	0	0	0
A18_04_coassembly	A18_04_coassembly_bin.8	k__Bacteria (UID2565)	2921	152	93	93.55	3.76	25.00	5976013	0	860	860	9272	9272	6948	6948	63846	63846	61.5	2.28	87.95	11	5087	33	115	4	0	0	0
A18_04_coassembly	A18_04_coassembly_bin.9	k__Bacteria (UID2565)	2921	143	88	82.51	0.38	0.00	3136327	0	662	662	5633	5633	4737	4737	24685	24685	56.8	2.80	91.62	11	3133	19	123	1	0	0	0
A19_01_coassembly	A19_01_coassembly_bin.1	c__Deltaproteobacteria (UID3216)	83	247	155	89.03	0.65	0.00	2732590	0	271	271	17349	17349	10083	10083	60984	60984	43.2	2.31	83.93	11	2388	46	200	1	0	0	0
A19_01_coassembly	A19_01_coassembly_bin.2	o__Actinomycetales (UID1815)	120	572	265	85.67	2.57	20.00	3284447	0	297	297	17369	17369	11058	11058	83275	83275	68.6	1.30	93.68	11	3221	99	458	15	0	0	0
A19_01_coassembly	A19_01_coassembly_bin.3	o__Actinomycetales (UID1815)	120	574	266	96.90	0.66	57.14	3733195	0	230	230	24685	24685	16231	16231	97175	97175	64.4	1.17	90.27	11	3710	17	550	7	0	0	0
A19_01_coassembly	A19_01_coassembly_bin.4	c__Deltaproteobacteria (UID3216)	83	247	155	88.25	2.31	60.00	1959912	0	287	287	8690	8690	6828	6828	34418	34418	52.1	1.75	87.86	11	1962	26	216	5	0	0	0
A19_01_coassembly	A19_01_coassembly_bin.5	k__Bacteria (UID2982)	88	230	148	88.82	1.21	25.00	1963126	0	186	186	19303	19303	10554	10554	56272	56272	53.6	2.04	92.64	11	1893	24	202	4	0	0	0
A19_01_coassembly	A19_01_coassembly_bin.6	k__Bacteria (UID2495)	2993	143	89	83.33	1.12	0.00	3481403	0	333	333	17055	17055	10454	10454	82486	82486	60.4	1.44	92.70	11	3066	56	86	1	0	0	0
A19_01_coassembly	A19_01_coassembly_bin.7	k__Bacteria (UID1453)	901	171	117	81.53	2.14	0.00	1949959	0	211	211	10917	10917	9241	9241	29929	29929	66.1	0.97	94.13	11	2095	29	139	3	0	0	0
A19_01_coassembly	A19_01_coassembly_bin.8	k__Bacteria (UID1452)	924	151	101	85.04	3.96	22.22	1748055	0	284	284	7139	7139	6155	6155	31671	31671	48.1	1.82	87.34	11	1895	19	123	9	0	0	0
A19_01_coassembly	A19_01_coassembly_bin.9	k__Bacteria (UID2565)	2921	143	88	95.45	1.14	100.00	5704495	0	871	871	7840	7840	6549	6549	31462	31462	62.4	1.23	83.91	11	4604	4	138	1	0	0	0
A21_01_coassembly	A21_01_coassembly_bin.1	s__algicola (UID2846)	47	571	303	94.37	1.58	60.00	3927384	0	271	271	21334	21334	14492	14492	89693	89693	39.0	1.41	90.89	11	3674	36	525	10	0	0	0
A21_01_coassembly	A21_01_coassembly_bin.2	c__Deltaproteobacteria (UID3216)	83	247	155	90.05	1.31	0.00	2036296	0	216	216	13370	13370	9427	9427	46945	46945	52.0	1.82	87.89	11	1989	23	221	3	0	0	0
A21_01_coassembly	A21_01_coassembly_bin.3	c__Deltaproteobacteria (UID3216)	83	247	155	96.77	1.77	50.00	3737757	0	511	511	12743	12743	7314	7314	63900	63900	42.9	2.32	82.04	11	3450	8	235	4	0	0	0
A21_01_coassembly	A21_01_coassembly_bin.4	k__Bacteria (UID1452)	924	151	101	88.94	0.99	100.00	803694	0	95	95	11505	11505	8459	8459	39554	39554	44.9	1.97	91.91	11	915	13	137	1	0	0	0
A21_01_coassembly	A21_01_coassembly_bin.5	k__Bacteria (UID203)	5449	103	57	89.47	3.29	0.00	3140266	0	492	492	9955	9955	6382	6382	41033	41033	43.6	1.92	85.32	11	3151	7	80	15	1	0	0
A21_01_coassembly	A21_01_coassembly_bin.6	o__Actinomycetales (UID1815)	120	572	265	84.96	1.72	54.55	3418378	0	404	404	14870	14870	8461	8461	93387	93387	68.6	1.51	93.49	11	3466	104	457	11	0	0	0
A21_01_coassembly	A21_01_coassembly_bin.7	o__Actinomycetales (UID1815)	120	574	266	98.05	2.07	33.33	3955142	0	281	281	22313	22313	14075	14075	102654	102654	64.5	1.26	90.03	11	4028	14	548	12	0	0	0
A21_01_coassembly	A21_01_coassembly_bin.8	k__Bacteria (UID2569)	434	278	186	95.52	2.17	0.00	3686581	0	216	216	28968	28968	17067	17067	128161	128161	35.2	1.48	90.90	11	3133	9	264	5	0	0	0
A21_04_coassembly	A21_04_coassembly_bin.1	k__Bacteria (UID1452)	924	151	101	83.71	0.99	50.00	753914	0	78	78	13129	13129	9665	9665	60679	60679	45.0	1.79	92.19	11	829	34	115	2	0	0	0
A21_04_coassembly	A21_04_coassembly_bin.10	k__Bacteria (UID2565)	2921	152	93	88.25	3.94	0.00	1310103	0	171	171	8965	8965	7661	7661	36682	36682	46.5	1.77	94.26	11	1354	17	130	5	0	0	0
A21_04_coassembly	A21_04_coassembly_bin.11	k__Bacteria (UID1453)	901	171	117	80.77	3.70	33.33	2272467	0	388	388	7044	7044	5856	5856	32396	32396	59.6	1.11	94.12	11	2580	30	135	6	0	0	0
A21_04_coassembly	A21_04_coassembly_bin.12	k__Archaea (UID2)	207	149	107	80.22	0.00	0.00	964982	0	131	131	9220	9220	7366	7366	36258	36258	53.2	2.20	90.52	11	1124	29	120	0	0	0	0
A21_04_coassembly	A21_04_coassembly_bin.13	p__Euryarchaeota (UID3)	148	188	125	89.20	4.00	37.50	2894754	0	428	428	8218	8218	6763	6763	41653	41653	51.1	2.13	93.39	11	2470	15	167	5	1	0	0
A21_04_coassembly	A21_04_coassembly_bin.14	c__Gammaproteobacteria (UID4267)	119	544	284	85.13	3.43	6.67	3042419	0	381	381	9466	9466	7985	7985	49747	49747	52.2	2.33	90.80	11	3149	106	423	15	0	0	0
A21_04_coassembly	A21_04_coassembly_bin.15	p__Actinobacteria (UID1454)	732	199	116	86.10	1.80	100.00	1539041	0	450	450	3757	3757	3420	3420	19346	19346	73.6	1.83	93.90	11	1925	28	168	3	0	0	0
A21_04_coassembly	A21_04_coassembly_bin.16	k__Bacteria (UID2565)	2921	143	88	98.86	1.14	100.00	6780078	0	418	418	25498	25498	16220	16220	105504	105504	62.0	1.33	84.35	11	5278	1	141	1	0	0	0
A21_04_coassembly	A21_04_coassembly_bin.17	o__Actinomycetales (UID1815)	120	574	266	97.65	0.72	33.33	3669450	0	269	269	22676	22676	13641	13641	85758	85758	64.4	1.26	90.20	11	3684	12	556	6	0	0	0
A21_04_coassembly	A21_04_coassembly_bin.2	k__Bacteria (UID2495)	2993	147	91	82.77	1.38	0.00	1841095	0	509	509	4069	4069	3617	3617	15686	15686	63.0	3.03	92.76	11	2157	18	126	3	0	0	0
A21_04_coassembly	A21_04_coassembly_bin.3	k__Bacteria (UID2495)	2993	147	91	86.08	2.20	0.00	2553759	0	496	496	6866	6866	5148	5148	53085	53085	56.2	2.53	89.36	11	2633	15	130	2	0	0	0
A21_04_coassembly	A21_04_coassembly_bin.4	p__Euryarchaeota (UID3)	148	188	125	80.93	1.64	50.00	1329280	0	237	237	6764	6764	5608	5608	26166	26166	52.4	1.14	93.17	11	1419	30	154	4	0	0	0
A21_04_coassembly	A21_04_coassembly_bin.5	c__Gammaproteobacteria (UID4267)	119	544	284	87.71	2.36	26.67	2088397	0	203	203	13660	13660	10287	10287	44732	44732	49.6	1.59	89.39	11	2143	56	475	12	1	0	0
A21_04_coassembly	A21_04_coassembly_bin.6	o__Rhizobiales (UID3447)	356	416	249	90.90	2.68	15.38	2277821	0	300	300	12455	12455	7592	7592	38886	38886	62.3	1.83	88.97	11	2397	35	370	10	1	0	0
A21_04_coassembly	A21_04_coassembly_bin.7	k__Bacteria (UID2565)	2921	142	87	81.01	0.57	100.00	2845957	0	241	241	19176	19176	11808	11808	119094	119094	48.0	1.82	89.24	11	2483	32	109	1	0	0	0
A21_04_coassembly	A21_04_coassembly_bin.8	k__Bacteria (UID1452)	924	151	101	84.82	3.96	75.00	1109784	0	175	175	8016	8016	6341	6341	42783	42783	50.4	1.99	91.56	11	1228	17	130	4	0	0	0
A21_04_coassembly	A21_04_coassembly_bin.9	k__Bacteria (UID3187)	2258	188	117	81.03	3.42	25.00	2367427	0	483	483	5775	5775	4901	4901	32349	32349	59.0	2.27	93.14	11	2342	24	160	4	0	0	0
S1_01_coassembly	S1_01_coassembly_bin.1	o__Rhizobiales (UID3447)	356	416	249	85.90	2.32	54.55	2154350	0	261	261	10087	10087	8254	8254	40212	40212	62.1	1.85	88.79	11	2240	43	362	11	0	0	0
S1_01_coassembly	S1_01_coassembly_bin.10	p__Proteobacteria (UID3880)	1495	261	164	80.56	2.59	20.00	2704098	0	395	395	9759	9759	6845	6845	54191	54191	40.1	1.50	87.68	11	2686	56	200	5	0	0	0
S1_01_coassembly	S1_01_coassembly_bin.11	k__Bacteria (UID1453)	901	171	117	95.73	4.87	7.69	2350986	0	222	222	19717	19717	10590	10590	57021	57021	67.2	1.09	94.35	11	2571	5	157	7	2	0	0
S1_01_coassembly	S1_01_coassembly_bin.12	o__Rhizobiales (UID3447)	356	416	249	85.73	0.60	50.00	2025620	0	196	196	17447	17447	10334	10334	51178	51178	63.2	1.57	90.73	11	2136	54	360	2	0	0	0
S1_01_coassembly	S1_01_coassembly_bin.13	k__Bacteria (UID1453)	901	171	117	91.97	2.14	0.00	2921472	0	209	209	25413	25413	13978	13978	74887	74887	61.2	1.09	92.82	11	2972	23	144	4	0	0	0
S1_01_coassembly	S1_01_coassembly_bin.14	k__Bacteria (UID1453)	901	171	117	94.02	4.00	0.00	2789905	0	347	347	13062	13062	8040	8040	69188	69188	65.9	1.36	92.80	11	2945	7	157	7	0	0	0
S1_01_coassembly	S1_01_coassembly_bin.15	o__Actinomycetales (UID1572)	580	286	171	87.14	1.71	50.00	2065943	0	294	294	9576	9576	7027	7027	44854	44854	65.1	1.99	91.60	11	2154	37	241	8	0	0	0
S1_01_coassembly	S1_01_coassembly_bin.16	k__Bacteria (UID1452)	924	158	106	94.97	0.94	0.00	3287481	0	406	406	12168	12168	8097	8097	61584	61584	61.5	1.27	89.01	11	3169	11	146	1	0	0	0
S1_01_coassembly	S1_01_coassembly_bin.17	k__Bacteria (UID203)	5449	104	58	80.17	3.68	70.00	2385653	0	538	538	5207	5207	4434	4434	24777	24777	62.0	1.01	92.01	11	2719	16	70	17	1	0	0
S1_01_coassembly	S1_01_coassembly_bin.18	o__Actinomycetales (UID1815)	120	572	265	88.00	3.94	30.77	3567969	0	215	215	28572	28572	16595	16595	108953	108953	68.1	1.60	94.20	11	3515	87	460	18	7	0	0
S1_01_coassembly	S1_01_coassembly_bin.19	k__Bacteria (UID1453)	901	171	117	99.15	3.28	0.00	2594778	0	122	122	64889	64889	21268	21268	130163	130163	59.5	0.90	92.73	11	2645	1	165	5	0	0	0
S1_01_coassembly	S1_01_coassembly_bin.2	o__Actinomycetales (UID1697)	387	330	193	85.82	0.52	0.00	2170501	0	220	220	17876	17876	9865	9865	83461	83461	61.3	1.41	94.33	11	2283	52	277	1	0	0	0
S1_01_coassembly	S1_01_coassembly_bin.20	o__Actinomycetales (UID1590)	562	286	170	93.29	0.78	50.00	2469635	0	102	102	38532	38532	24212	24212	93369	93369	69.8	1.20	93.05	11	2431	22	262	2	0	0	0
S1_01_coassembly	S1_01_coassembly_bin.21	o__Rhizobiales (UID3447)	356	413	248	82.19	1.81	12.50	2560768	0	454	454	7683	7683	5640	5640	41537	41537	57.5	1.73	86.14	11	2826	63	342	8	0	0	0
S1_01_coassembly	S1_01_coassembly_bin.22	k__Bacteria (UID2495)	2993	143	89	88.76	1.12	100.00	2071742	0	541	541	5091	5091	3829	3829	25679	25679	55.3	2.06	92.58	11	2195	12	130	1	0	0	0
S1_01_coassembly	S1_01_coassembly_bin.3	c__Gammaproteobacteria (UID4274)	112	581	290	86.42	4.51	20.83	3132850	0	470	470	8687	8687	6665	6665	36824	36824	48.1	2.22	89.35	11	3241	77	484	18	2	0	0
S1_01_coassembly	S1_01_coassembly_bin.4	o__Rhizobiales (UID3447)	356	416	249	86.03	2.08	25.00	3323014	0	536	536	7344	7344	6199	6199	29203	29203	50.5	1.37	89.44	11	3544	47	361	8	0	0	0
S1_01_coassembly	S1_01_coassembly_bin.5	c__Deltaproteobacteria (UID3216)	83	247	155	87.10	2.10	25.00	3827234	0	264	264	19530	19530	14497	14497	88008	88008	55.6	1.81	87.20	11	3589	48	195	4	0	0	0
S1_01_coassembly	S1_01_coassembly_bin.6	c__Deltaproteobacteria (UID3216)	83	247	155	98.06	2.58	6.67	3382043	0	395	395	13756	13756	8562	8562	93027	93027	42.9	2.30	82.47	11	3074	3	229	15	0	0	0
S1_01_coassembly	S1_01_coassembly_bin.7	s__algicola (UID2846)	47	571	303	84.35	0.85	7.69	2722063	0	223	223	16852	16852	12206	12206	83548	83548	37.4	1.62	91.80	11	2591	75	483	13	0	0	0
S1_01_coassembly	S1_01_coassembly_bin.8	o__Actinomycetales (UID1663)	488	309	185	96.22	3.37	0.00	3161954	0	230	230	26794	26794	13747	13747	82943	82943	69.9	1.58	89.95	11	2974	7	291	11	0	0	0
S1_01_coassembly	S1_01_coassembly_bin.9	p__Euryarchaeota (UID3)	148	188	125	97.60	0.80	100.00	1446905	0	166	166	12814	12814	8716	8716	73581	73581	31.7	1.50	91.15	11	1569	3	184	1	0	0	0
S2_01_coassembly	S2_01_coassembly_bin.1	k__Bacteria (UID3187)	2258	181	110	94.63	1.88	0.00	2104867	0	123	123	31954	31954	17112	17112	126793	126793	46.6	1.03	90.52	11	2046	11	167	3	0	0	0
S2_01_coassembly	S2_01_coassembly_bin.10	o__Rhizobiales (UID3447)	356	416	249	90.62	2.01	28.57	2256831	0	286	286	13473	13473	7891	7891	58294	58294	62.2	1.83	89.03	11	2336	35	374	7	0	0	0
S2_01_coassembly	S2_01_coassembly_bin.11	k__Bacteria (UID1452)	924	151	101	93.73	0.99	0.00	4098943	0	397	397	15151	15151	10324	10324	70125	70125	50.3	2.01	83.57	11	3963	7	143	1	0	0	0
S2_01_coassembly	S2_01_coassembly_bin.12	o__Actinomycetales (UID1815)	120	572	265	83.06	3.21	25.00	3447730	0	188	188	26357	26357	18338	18338	89772	89772	68.0	1.08	93.85	11	3439	121	439	12	0	0	0
S2_01_coassembly	S2_01_coassembly_bin.13	k__Bacteria (UID2565)	2921	143	88	98.86	2.27	50.00	3148080	0	193	193	31037	31037	16311	16311	124675	124675	62.3	2.35	91.27	11	2937	1	140	2	0	0	0
S2_01_coassembly	S2_01_coassembly_bin.14	c__Deltaproteobacteria (UID3216)	83	247	155	87.63	3.48	7.14	2351730	0	451	451	7856	7856	5214	5214	32387	32387	46.7	1.84	87.69	11	2479	24	211	11	1	0	0
S2_01_coassembly	S2_01_coassembly_bin.2	c__Deltaproteobacteria (UID3216)	83	247	155	83.35	2.12	23.08	2706493	0	521	521	7026	7026	5194	5194	25442	25442	63.1	1.97	91.92	11	2772	33	203	10	1	0	0
S2_01_coassembly	S2_01_coassembly_bin.3	c__Deltaproteobacteria (UID3217)	62	280	168	94.05	1.53	80.00	3122439	0	194	194	22006	22006	16095	16095	74178	74178	48.5	1.88	89.19	11	2993	11	264	5	0	0	0
S2_01_coassembly	S2_01_coassembly_bin.4	c__Deltaproteobacteria (UID3216)	83	247	155	94.52	1.94	66.67	2624335	0	277	277	12855	12855	9474	9474	53864	53864	43.1	1.90	83.47	11	2389	11	233	3	0	0	0
S2_01_coassembly	S2_01_coassembly_bin.5	k__Bacteria (UID1452)	924	151	101	85.97	0.50	100.00	766925	0	98	98	11015	11015	7825	7825	55783	55783	45.0	1.88	92.55	11	863	17	133	1	0	0	0
S2_01_coassembly	S2_01_coassembly_bin.6	k__Bacteria (UID2569)	434	277	185	98.65	1.35	0.00	5296641	0	195	195	39280	39280	27162	27162	148074	148074	40.1	1.00	92.34	11	4689	3	271	3	0	0	0
S2_01_coassembly	S2_01_coassembly_bin.7	p__Euryarchaeota (UID3)	148	188	125	90.93	3.49	8.33	4112374	0	378	378	17124	17124	10879	10879	93085	93085	47.4	3.33	93.60	11	3163	15	161	12	0	0	0
S2_01_coassembly	S2_01_coassembly_bin.8	o__Actinomycetales (UID1815)	120	572	265	89.41	3.79	45.16	3650304	0	445	445	14428	14428	8202	8202	70659	70659	68.4	1.59	93.34	11	3718	86	459	25	2	0	0
S2_01_coassembly	S2_01_coassembly_bin.9	o__Actinomycetales (UID1815)	120	574	266	95.82	1.45	54.55	3815048	0	304	304	16085	16085	12549	12549	80352	80352	64.4	1.33	90.43	11	3811	23	540	11	0	0	0
S2_04_coassembly	S2_04_coassembly_bin.1	c__Deltaproteobacteria (UID3217)	62	280	168	86.31	1.79	33.33	3881818	0	334	334	14488	14488	11622	11622	68212	68212	47.3	1.58	83.99	11	3504	30	247	3	0	0	0
S2_04_coassembly	S2_04_coassembly_bin.10	k__Bacteria (UID2565)	2921	143	88	89.77	1.45	25.00	5465129	0	579	579	12329	12329	9438	9438	57653	57653	64.0	1.12	88.55	11	4411	12	127	4	0	0	0
S2_04_coassembly	S2_04_coassembly_bin.11	p__Euryarchaeota (UID3)	148	188	125	95.20	2.40	0.00	4330330	0	35	35	213717	213717	123723	123723	503662	503662	50.2	1.49	93.18	11	3080	6	178	4	0	0	0
S2_04_coassembly	S2_04_coassembly_bin.12	p__Euryarchaeota (UID49)	95	228	153	83.50	1.69	0.00	996927	0	110	110	15058	15058	9062	9062	56481	56481	42.1	1.31	87.49	11	1141	29	194	5	0	0	0
S2_04_coassembly	S2_04_coassembly_bin.13	k__Bacteria (UID1452)	924	151	101	85.47	0.83	100.00	768035	0	94	94	12941	12941	8170	8170	44064	44064	44.8	2.02	92.56	11	859	22	127	2	0	0	0
S2_04_coassembly	S2_04_coassembly_bin.14	o__Actinomycetales (UID1815)	120	574	266	98.02	0.84	57.14	3773896	0	307	307	21826	21826	12292	12292	85738	85738	64.3	1.44	90.09	11	3820	10	557	7	0	0	0
S2_04_coassembly	S2_04_coassembly_bin.15	k__Bacteria (UID3187)	2258	190	119	94.45	1.68	50.00	4537135	0	432	432	13878	13878	10502	10502	61697	61697	55.2	2.31	87.91	11	4050	20	168	2	0	0	0
S2_04_coassembly	S2_04_coassembly_bin.16	k__Bacteria (UID1452)	924	151	101	93.40	1.49	100.00	1265481	0	105	105	18350	18350	12052	12052	60376	60376	59.6	1.73	90.34	11	1342	8	141	2	0	0	0
S2_04_coassembly	S2_04_coassembly_bin.17	p__Euryarchaeota (UID3)	148	188	125	83.81	1.20	50.00	3182423	0	430	430	9690	9690	7400	7400	50479	50479	52.5	2.36	90.51	11	2613	25	161	2	0	0	0
S2_04_coassembly	S2_04_coassembly_bin.18	k__Bacteria (UID2565)	2921	152	93	80.16	3.23	25.00	1140914	0	213	213	7148	7148	5356	5356	19032	19032	46.3	1.76	91.28	11	1266	23	125	4	0	0	0
S2_04_coassembly	S2_04_coassembly_bin.19	k__Archaea (UID2)	207	149	107	86.88	3.27	0.00	1170233	0	160	160	10365	10365	7313	7313	30160	30160	33.8	1.77	87.43	11	1400	22	123	4	0	0	0
S2_04_coassembly	S2_04_coassembly_bin.2	c__Deltaproteobacteria (UID3216)	83	247	155	82.58	3.43	0.00	4311435	0	681	681	9230	9230	6331	6331	49158	49158	57.3	1.69	92.37	11	4288	35	198	13	1	0	0
S2_04_coassembly	S2_04_coassembly_bin.20	k__Bacteria (UID2495)	2993	147	91	84.62	3.30	33.33	2739356	0	533	533	7133	7133	5139	5139	22967	22967	43.2	1.92	90.97	11	2679	15	129	3	0	0	0
S2_04_coassembly	S2_04_coassembly_bin.21	c__Deltaproteobacteria (UID3216)	83	247	155	85.99	1.94	0.00	3241816	0	713	713	5741	5741	4546	4546	29710	29710	52.1	2.17	91.50	11	3392	69	174	4	0	0	0
S2_04_coassembly	S2_04_coassembly_bin.22	k__Bacteria (UID2565)	2921	152	93	80.58	2.69	0.00	1898427	0	796	796	2753	2753	2384	2384	11297	11297	58.6	3.31	90.13	11	2260	22	126	4	0	0	0
S2_04_coassembly	S2_04_coassembly_bin.3	k__Bacteria (UID2495)	2993	147	91	87.73	3.48	75.00	2363460	0	851	851	3300	3300	2777	2777	18631	18631	62.5	3.77	91.85	11	2924	13	130	4	0	0	0
S2_04_coassembly	S2_04_coassembly_bin.4	o__Rhizobiales (UID3447)	356	416	249	85.02	3.74	20.00	2058463	0	215	215	15028	15028	9574	9574	86075	86075	62.3	1.58	89.23	11	2141	60	341	15	0	0	0
S2_04_coassembly	S2_04_coassembly_bin.5	k__Bacteria (UID2569)	434	278	186	96.24	4.30	0.00	3017810	0	228	228	17637	17637	13236	13236	56820	56820	34.4	1.33	82.82	11	2548	22	248	7	1	0	0
S2_04_coassembly	S2_04_coassembly_bin.6	k__Bacteria (UID1452)	924	151	101	86.80	0.99	0.00	1096311	0	68	68	23621	23621	16122	16122	62374	62374	52.1	1.62	88.73	11	1155	14	136	1	0	0	0
S2_04_coassembly	S2_04_coassembly_bin.7	k__Bacteria (UID2569)	434	278	186	91.94	0.81	0.00	2524812	0	173	173	21708	21708	14594	14594	65506	65506	37.4	1.69	86.12	11	2183	48	228	2	0	0	0
S2_04_coassembly	S2_04_coassembly_bin.8	p__Euryarchaeota (UID3)	148	188	125	87.54	2.00	0.00	2878776	0	568	568	6398	6398	5068	5068	20097	20097	48.5	2.74	91.91	11	2620	19	165	4	0	0	0
S2_04_coassembly	S2_04_coassembly_bin.9	k__Bacteria (UID1452)	924	151	101	85.05	4.95	83.33	1155688	0	212	212	6771	6771	5451	5451	53809	53809	50.0	2.25	92.15	11	1337	22	123	6	0	0	0
S2_05_coassembly	S2_05_coassembly_bin.1	c__Deltaproteobacteria (UID3216)	83	247	155	80.50	4.52	42.86	2313486	0	520	520	5183	5183	4449	4449	23362	23362	56.1	2.99	87.92	11	2396	51	189	7	0	0	0
S2_05_coassembly	S2_05_coassembly_bin.10	k__Bacteria (UID1452)	924	151	101	88.78	0.99	0.00	1428952	0	143	143	17820	17820	9992	9992	43827	43827	51.5	2.06	87.82	11	1522	12	138	1	0	0	0
S2_05_coassembly	S2_05_coassembly_bin.11	k__Bacteria (UID2495)	2993	147	91	97.80	3.40	0.00	4313093	0	308	308	27003	27003	14003	14003	111234	111234	63.2	2.50	90.43	11	3559	2	141	4	0	0	0
S2_05_coassembly	S2_05_coassembly_bin.12	o__Actinomycetales (UID1815)	120	574	266	96.27	1.26	25.00	3706908	0	305	305	21549	21549	12153	12153	70282	70282	64.4	1.29	90.05	11	3738	17	545	12	0	0	0
S2_05_coassembly	S2_05_coassembly_bin.13	k__Bacteria (UID2569)	434	278	186	85.48	4.32	45.45	3185643	0	430	430	10313	10313	7408	7408	52561	52561	36.5	1.75	88.05	11	2813	34	233	11	0	0	0
S2_05_coassembly	S2_05_coassembly_bin.14	c__Gammaproteobacteria (UID4267)	119	544	284	80.92	4.82	14.81	3213070	0	821	821	4594	4594	3913	3913	24589	24589	62.4	2.21	92.17	11	3523	128	395	18	3	0	0
S2_05_coassembly	S2_05_coassembly_bin.15	k__Bacteria (UID2565)	2921	142	87	80.23	2.51	25.00	2962422	0	614	614	6218	6218	4824	4824	52611	52611	48.1	1.77	89.17	11	2960	35	103	4	0	0	0
S2_05_coassembly	S2_05_coassembly_bin.16	k__Bacteria (UID3187)	2258	190	119	88.59	4.41	5.26	4262380	0	532	532	9765	9765	8011	8011	45891	45891	55.2	2.33	87.86	11	3942	19	156	13	2	0	0
S2_05_coassembly	S2_05_coassembly_bin.17	k__Bacteria (UID2565)	2921	143	88	96.59	3.04	28.57	2371307	0	290	290	11867	11867	8176	8176	60019	60019	63.0	1.38	92.71	11	2402	3	133	7	0	0	0
S2_05_coassembly	S2_05_coassembly_bin.18	k__Bacteria (UID2565)	2921	143	88	95.45	2.22	0.00	2935171	0	150	150	38042	38042	19567	19567	125154	125154	49.4	1.57	88.78	11	2633	4	132	7	0	0	0
S2_05_coassembly	S2_05_coassembly_bin.19	o__Rhizobiales (UID3447)	356	416	249	90.70	2.11	25.00	2192423	0	287	287	11363	11363	7639	7639	33992	33992	62.4	1.43	89.12	11	2312	41	367	8	0	0	0
S2_05_coassembly	S2_05_coassembly_bin.2	k__Bacteria (UID1452)	924	151	101	82.99	3.47	80.00	966732	0	167	167	7737	7737	5788	5788	23634	23634	50.4	2.05	92.13	11	1099	22	124	5	0	0	0
S2_05_coassembly	S2_05_coassembly_bin.20	k__Bacteria (UID1452)	924	151	101	90.43	0.00	0.00	1428302	0	140	140	14743	14743	10202	10202	58071	58071	59.2	2.11	89.91	11	1522	16	135	0	0	0	0
S2_05_coassembly	S2_05_coassembly_bin.21	k__Bacteria (UID3187)	2258	188	117	81.08	3.42	0.00	2703058	0	666	666	4853	4853	4058	4058	38786	38786	59.1	2.24	93.41	11	2674	33	150	5	0	0	0
S2_05_coassembly	S2_05_coassembly_bin.22	c__Deltaproteobacteria (UID3216)	83	247	155	87.90	3.55	33.33	4700737	0	975	975	6021	6021	4821	4821	48972	48972	44.4	2.33	85.23	11	4564	25	216	6	0	0	0
S2_05_coassembly	S2_05_coassembly_bin.3	k__Bacteria (UID1452)	924	151	101	83.70	1.85	0.00	829626	0	112	112	11257	11257	7407	7407	42833	42833	44.7	1.78	91.82	11	929	21	123	7	0	0	0
S2_05_coassembly	S2_05_coassembly_bin.4	k__Bacteria (UID2565)	2921	143	88	88.64	4.61	20.00	4907268	0	475	475	13644	13644	10331	10331	71837	71837	64.5	1.77	88.90	11	3891	12	126	5	0	0	0
S2_05_coassembly	S2_05_coassembly_bin.5	p__Actinobacteria (UID1454)	732	199	116	83.11	3.02	50.00	1855511	0	516	516	4097	4097	3595	3595	17883	17883	66.0	1.30	93.50	11	2143	41	154	4	0	0	0
S2_05_coassembly	S2_05_coassembly_bin.6	k__Archaea (UID2)	207	149	107	80.37	0.47	0.00	1288878	0	41	41	48896	48896	31436	31436	118985	118985	33.7	0.88	92.87	11	1541	22	126	1	0	0	0
S2_05_coassembly	S2_05_coassembly_bin.7	p__Euryarchaeota (UID3)	148	188	125	97.73	1.60	0.00	2266544	0	20	20	279084	279084	113327	113327	490211	490211	44.5	2.47	91.71	11	1877	4	181	3	0	0	0
S2_05_coassembly	S2_05_coassembly_bin.8	p__Euryarchaeota (UID3)	148	188	125	96.00	2.40	0.00	3325714	0	136	136	40632	40632	24453	24453	109974	109974	47.9	2.44	90.86	11	2623	5	179	4	0	0	0
S2_05_coassembly	S2_05_coassembly_bin.9	k__Archaea (UID2)	207	149	107	86.92	0.47	0.00	980583	0	183	183	7125	7125	5358	5358	23881	23881	47.6	1.79	93.57	11	1232	16	132	1	0	0	0
S3_01_coassembly	S3_01_coassembly_bin.1	c__Gammaproteobacteria (UID4266)	1097	270	172	86.53	1.16	0.00	1091377	0	35	35	56583	56583	31182	31182	165943	165943	39.6	1.14	87.11	11	1031	26	242	2	0	0	0
S3_01_coassembly	S3_01_coassembly_bin.10	o__Rhizobiales (UID3447)	356	416	249	92.38	1.57	0.00	2286890	0	293	293	12351	12351	7805	7805	65532	65532	62.2	1.69	89.01	11	2405	28	381	7	0	0	0
S3_01_coassembly	S3_01_coassembly_bin.11	k__Bacteria (UID2565)	2921	152	93	82.26	2.15	0.00	1596525	0	226	226	10932	10932	7064	7064	69285	69285	39.5	1.72	93.63	11	1515	18	132	2	0	0	0
S3_01_coassembly	S3_01_coassembly_bin.12	c__Deltaproteobacteria (UID3216)	83	247	155	84.17	3.87	25.00	4885313	0	1034	1034	5701	5701	4724	4724	25666	25666	56.4	1.80	81.54	11	4808	43	196	8	0	0	0
S3_01_coassembly	S3_01_coassembly_bin.13	p__Actinobacteria (UID1454)	732	206	120	88.33	2.33	0.00	1859644	0	148	148	14974	14974	12565	12565	57277	57277	44.1	1.13	87.27	11	1873	18	183	5	0	0	0
S3_01_coassembly	S3_01_coassembly_bin.14	o__Actinomycetales (UID1815)	120	574	266	96.75	0.81	45.45	3778631	0	228	228	26426	26426	16572	16572	78983	78983	64.4	1.36	90.15	11	3763	17	546	11	0	0	0
S3_01_coassembly	S3_01_coassembly_bin.15	o__Actinomycetales (UID1815)	120	572	265	88.33	4.39	28.00	3702955	0	271	271	22083	22083	13664	13664	85441	85441	68.1	1.19	94.18	11	3709	86	465	19	2	0	0
S3_01_coassembly	S3_01_coassembly_bin.16	k__Bacteria (UID2565)	2921	143	88	86.62	2.38	33.33	5587244	0	466	466	14136	14136	11989	11989	54526	54526	61.0	1.17	86.62	11	4461	16	124	3	0	0	0
S3_01_coassembly	S3_01_coassembly_bin.17	k__Bacteria (UID2982)	88	230	148	89.89	3.38	0.00	3120156	0	119	119	42426	42426	26219	26219	106139	106139	56.0	2.28	85.94	11	2701	40	185	5	0	0	0
S3_01_coassembly	S3_01_coassembly_bin.18	p__Euryarchaeota (UID3)	148	188	125	89.42	3.20	0.00	4396697	0	598	598	9884	9884	7352	7352	57012	57012	56.2	3.42	88.36	11	3139	19	164	5	0	0	0
S3_01_coassembly	S3_01_coassembly_bin.19	k__Bacteria (UID2565)	2921	152	93	95.70	1.08	0.00	1885148	0	142	142	22208	22208	13275	13275	129044	129044	53.0	2.09	89.46	11	1759	4	147	1	0	0	0
S3_01_coassembly	S3_01_coassembly_bin.2	c__Deltaproteobacteria (UID3216)	83	247	155	99.35	3.64	8.70	3823725	0	424	424	16327	16327	9018	9018	63966	63966	42.7	2.26	82.01	11	3548	1	227	17	2	0	0
S3_01_coassembly	S3_01_coassembly_bin.20	k__Bacteria (UID2495)	2993	147	91	86.81	0.00	0.00	2882711	0	39	39	122924	122924	73915	73915	332712	332712	57.0	0.97	90.33	11	2406	13	134	0	0	0	0
S3_01_coassembly	S3_01_coassembly_bin.21	k__Bacteria (UID2495)	2993	143	89	83.39	1.29	0.00	1778682	0	539	539	4328	4328	3299	3299	26098	26098	36.2	3.08	90.50	11	2216	19	121	3	0	0	0
S3_01_coassembly	S3_01_coassembly_bin.3	k__Archaea (UID2)	207	149	107	82.81	1.87	0.00	1874457	0	375	375	6172	6172	4998	4998	36382	36382	56.9	3.08	88.91	11	2248	25	121	3	0	0	0
S3_01_coassembly	S3_01_coassembly_bin.4	k__Bacteria (UID2565)	2921	142	87	88.44	1.15	100.00	2868207	0	265	265	13273	13273	10823	10823	43511	43511	59.7	1.45	85.71	11	2573	11	130	1	0	0	0
S3_01_coassembly	S3_01_coassembly_bin.5	c__Gammaproteobacteria (UID4266)	1097	270	172	92.93	1.16	0.00	1623447	0	234	234	15184	15184	6937	6937	55399	55399	48.7	3.63	85.45	11	1578	13	249	7	0	1	0
S3_01_coassembly	S3_01_coassembly_bin.6	k__Bacteria (UID2569)	434	278	186	96.24	1.61	0.00	4134092	0	337	337	21909	21909	12267	12267	125614	125614	35.3	1.79	90.09	11	3641	7	268	3	0	0	0
S3_01_coassembly	S3_01_coassembly_bin.7	o__Actinomycetales (UID1815)	120	572	265	83.67	2.04	38.46	3126753	0	282	282	16049	16049	11087	11087	99616	99616	68.6	1.47	93.80	11	3066	120	439	13	0	0	0
S3_01_coassembly	S3_01_coassembly_bin.8	k__Bacteria (UID2565)	2921	140	85	88.21	1.76	100.00	7006122	0	531	531	17819	17819	13194	13194	92387	92387	52.1	1.10	86.51	11	5552	32	106	2	0	0	0
S3_01_coassembly	S3_01_coassembly_bin.9	s__algicola (UID2846)	47	571	303	96.02	3.55	26.09	4244979	0	387	387	18640	18640	10968	10968	69157	69157	38.9	1.67	90.32	11	4074	23	531	14	3	0	0
S4_01_coassembly	S4_01_coassembly_bin.1	k__Archaea (UID2)	207	149	107	85.05	2.80	0.00	1939619	0	347	347	7504	7504	5589	5589	32994	32994	56.8	2.93	88.94	11	2305	21	125	3	0	0	0
S4_01_coassembly	S4_01_coassembly_bin.10	k__Bacteria (UID1452)	924	151	101	91.42	0.20	100.00	830377	0	98	98	12252	12252	8473	8473	43881	43881	44.6	2.00	92.34	11	981	10	140	1	0	0	0
S4_01_coassembly	S4_01_coassembly_bin.11	o__Actinomycetales (UID1815)	120	574	266	96.63	2.12	50.00	3828717	0	245	245	23912	23912	15627	15627	113394	113394	64.4	1.30	90.21	11	3805	19	541	14	0	0	0
S4_01_coassembly	S4_01_coassembly_bin.12	o__Rhizobiales (UID3447)	356	416	249	88.82	2.05	54.55	2102590	0	212	212	15800	15800	9917	9917	55052	55052	62.4	1.57	89.04	11	2161	39	366	11	0	0	0
S4_01_coassembly	S4_01_coassembly_bin.13	o__Actinomycetales (UID1815)	120	572	265	88.91	4.13	26.32	3848124	0	419	419	14888	14888	9184	9184	93558	93558	68.4	1.72	93.16	11	3866	90	463	19	0	0	0
S4_01_coassembly	S4_01_coassembly_bin.2	k__Bacteria (UID2569)	434	278	186	91.94	1.72	25.00	4069279	0	346	346	27900	27900	11760	11760	120847	120847	35.5	2.21	90.49	11	3546	17	257	4	0	0	0
S4_01_coassembly	S4_01_coassembly_bin.3	k__Bacteria (UID1453)	901	171	117	86.42	2.56	0.00	1962179	0	210	210	11869	11869	9343	9343	55716	55716	66.1	0.80	94.10	11	2103	31	137	3	0	0	0
S4_01_coassembly	S4_01_coassembly_bin.4	k__Bacteria (UID1452)	924	163	110	87.15	4.40	37.50	1558427	0	292	292	7250	7250	5337	5337	48737	48737	38.2	2.43	90.22	11	1682	19	138	5	1	0	0
S4_01_coassembly	S4_01_coassembly_bin.5	p__Euryarchaeota (UID3)	148	188	125	97.60	3.20	0.00	4586215	0	131	131	57096	57096	35009	35009	372817	372817	50.3	3.29	93.22	11	3264	3	180	5	0	0	0
S4_01_coassembly	S4_01_coassembly_bin.6	p__Proteobacteria (UID3880)	1495	261	164	82.74	4.59	10.00	2483884	0	488	488	6906	6906	5089	5089	32854	32854	47.2	1.95	88.40	11	2724	65	186	10	0	0	0
S4_01_coassembly	S4_01_coassembly_bin.7	k__Archaea (UID2)	207	149	107	87.85	0.00	0.00	923277	0	83	83	15491	15491	11123	11123	115195	115195	47.3	0.94	94.62	11	1025	14	135	0	0	0	0
S4_01_coassembly	S4_01_coassembly_bin.8	k__Bacteria (UID2495)	2993	147	91	83.78	1.10	0.00	4448649	0	608	608	9366	9366	7316	7316	60111	60111	44.4	2.41	88.34	11	4037	39	107	1	0	0	0
S4_01_coassembly	S4_01_coassembly_bin.9	k__Bacteria (UID2565)	2921	142	87	83.37	3.93	100.00	2356392	0	481	481	6046	6046	4898	4898	26793	26793	49.4	1.71	90.56	11	2239	31	103	8	0	0	0
S4_04_coassembly	S4_04_coassembly_bin.1	p__Euryarchaeota (UID3)	148	188	125	96.37	1.60	0.00	1699657	0	221	221	12658	12658	7690	7690	50217	50217	31.6	1.74	91.76	11	1955	13	173	2	0	0	0
S4_04_coassembly	S4_04_coassembly_bin.1-nucleotides	p__Euryarchaeota (UID3)	148	188	125	96.37	1.60	0.00	1562343	0	1955	1955	1044	1044	799	799	8589	8589	32.6	3.03	99.97	11	1953	13	173	2	0	0	0
S4_04_coassembly	S4_04_coassembly_bin.10	k__Bacteria (UID3187)	2258	188	117	90.30	2.61	25.00	2165333	0	271	271	11331	11331	7990	7990	46792	46792	62.6	2.15	91.66	11	2181	16	168	4	0	0	0
S4_04_coassembly	S4_04_coassembly_bin.10-nucleotides	k__Bacteria (UID3187)	2258	188	117	90.30	2.61	25.00	1988835	0	2181	2181	1164	1164	911	911	6132	6132	63.0	2.78	99.86	11	2171	16	168	4	0	0	0
S4_04_coassembly	S4_04_coassembly_bin.11	c__Alphaproteobacteria (UID3305)	564	349	230	86.73	3.41	40.00	3174670	0	566	566	6924	6924	5608	5608	26130	26130	51.6	1.71	91.72	11	3481	54	285	10	0	0	0
S4_04_coassembly	S4_04_coassembly_bin.11-nucleotides	c__Alphaproteobacteria (UID3305)	564	349	230	86.73	3.41	40.00	2916324	0	3481	3481	1056	1056	837	837	5145	5145	52.1	2.21	99.87	11	3462	54	285	10	0	0	0
S4_04_coassembly	S4_04_coassembly_bin.12	o__Actinomycetales (UID1815)	120	574	266	97.35	1.86	25.00	3842030	0	359	359	18429	18429	10702	10702	72702	72702	64.4	1.44	90.02	11	3891	17	543	13	1	0	0
S4_04_coassembly	S4_04_coassembly_bin.12-nucleotides	o__Actinomycetales (UID1815)	120	574	266	97.35	1.86	25.00	3467976	0	3891	3891	1152	1152	891	891	9303	9303	64.6	2.32	99.73	11	3867	17	543	13	1	0	0
S4_04_coassembly	S4_04_coassembly_bin.13	o__Rhizobiales (UID3447)	356	416	249	91.12	3.04	38.89	2263995	0	286	286	11512	11512	7916	7916	46337	46337	62.4	1.49	89.06	11	2419	25	373	18	0	0	0
S4_04_coassembly	S4_04_coassembly_bin.13-nucleotides	o__Rhizobiales (UID3447)	356	416	249	90.72	3.04	38.89	2019111	0	2419	2419	1089	1089	834	834	5127	5127	62.8	2.34	99.72	11	2398	26	372	18	0	0	0
S4_04_coassembly	S4_04_coassembly_bin.14	k__Bacteria (UID2565)	2921	143	88	100.00	0.00	0.00	6852669	0	509	509	19908	19908	13463	13463	82286	82286	62.3	1.09	82.93	11	5122	0	143	0	0	0	0
S4_04_coassembly	S4_04_coassembly_bin.14-nucleotides	k__Bacteria (UID2565)	2921	143	88	100.00	0.00	0.00	5691294	0	5122	5122	1389	1389	1111	1111	14409	14409	62.6	2.06	99.26	11	4967	0	143	0	0	0	0
S4_04_coassembly	S4_04_coassembly_bin.15	k__Bacteria (UID2565)	2921	142	87	84.98	3.29	57.14	3207619	0	376	376	17236	17236	8530	8530	79053	79053	48.0	1.78	88.90	11	2928	22	113	7	0	0	0
S4_04_coassembly	S4_04_coassembly_bin.15-nucleotides	k__Bacteria (UID2565)	2921	142	87	83.83	3.29	57.14	2856150	0	2928	2928	1266	1266	975	975	8988	8988	48.5	2.15	99.67	11	2890	23	112	7	0	0	0
S4_04_coassembly	S4_04_coassembly_bin.16	k__Bacteria (UID2565)	2921	140	85	98.65	0.11	100.00	7259349	0	352	352	31322	31322	20623	20623	119481	119481	52.1	1.04	86.26	11	5616	3	136	1	0	0	0
S4_04_coassembly	S4_04_coassembly_bin.16-nucleotides	k__Bacteria (UID2565)	2921	140	85	98.54	0.11	100.00	6275454	0	5616	5616	1452	1452	1117	1117	17655	17655	52.3	1.80	99.46	11	5498	4	135	1	0	0	0
S4_04_coassembly	S4_04_coassembly_bin.17	k__Bacteria (UID1452)	924	151	101	91.42	2.15	25.00	1339365	0	117	117	16469	16469	11447	11447	68620	68620	59.4	1.97	89.71	11	1413	10	139	1	1	0	0
S4_04_coassembly	S4_04_coassembly_bin.17-nucleotides	k__Bacteria (UID1452)	924	151	101	91.42	2.15	25.00	1203984	0	1413	1413	1116	1116	852	852	4221	4221	59.9	2.81	99.78	11	1402	10	139	1	1	0	0
S4_04_coassembly	S4_04_coassembly_bin.18	c__Deltaproteobacteria (UID3216)	83	247	155	93.23	2.67	0.00	3191597	0	548	548	8667	8667	5824	5824	47020	47020	50.1	1.83	83.54	11	3314	16	223	8	0	0	0
S4_04_coassembly	S4_04_coassembly_bin.18-nucleotides	c__Deltaproteobacteria (UID3216)	83	247	155	93.06	3.96	10.00	2672436	0	3314	3314	1116	1116	806	806	4530	4530	50.7	2.55	99.49	11	3252	17	220	10	0	0	0
S4_04_coassembly	S4_04_coassembly_bin.19	k__Bacteria (UID1452)	924	151	101	94.72	4.46	0.00	3034975	0	356	356	13845	13845	8525	8525	65982	65982	50.7	1.42	85.69	11	3081	6	138	7	0	0	0
S4_04_coassembly	S4_04_coassembly_bin.19-nucleotides	k__Bacteria (UID1452)	924	151	101	94.72	4.46	0.00	2607525	0	3081	3081	1161	1161	846	846	7239	7239	51.1	1.92	99.57	11	3031	6	138	7	0	0	0
S4_04_coassembly	S4_04_coassembly_bin.2	k__Bacteria (UID3187)	2258	188	117	83.07	0.85	0.00	1870991	0	201	201	11959	11959	9308	9308	56688	56688	65.4	1.94	92.73	11	1753	44	143	1	0	0	0
S4_04_coassembly	S4_04_coassembly_bin.2-nucleotides	k__Bacteria (UID3187)	2258	188	117	83.07	0.85	0.00	1738536	0	1753	1753	1257	1257	991	991	5142	5142	65.6	2.75	99.96	11	1749	44	143	1	0	0	0
S4_04_coassembly	S4_04_coassembly_bin.20	o__Actinomycetales (UID1590)	562	286	170	91.72	0.49	50.00	2478116	0	233	233	15338	15338	10635	10635	53044	53044	69.9	1.32	93.33	11	2558	31	253	2	0	0	0
S4_04_coassembly	S4_04_coassembly_bin.20-nucleotides	o__Actinomycetales (UID1590)	562	286	170	91.72	0.49	50.00	2318703	0	2558	2558	1134	1134	906	906	7782	7782	69.9	2.20	99.95	11	2558	31	253	2	0	0	0
S4_04_coassembly	S4_04_coassembly_bin.21	c__Deltaproteobacteria (UID3216)	83	247	155	92.74	1.94	0.00	2512614	0	40	40	89303	89303	62815	62815	246756	246756	50.8	1.40	90.95	11	2246	13	231	3	0	0	0
S4_04_coassembly	S4_04_coassembly_bin.21-nucleotides	c__Deltaproteobacteria (UID3216)	83	247	155	92.10	1.94	0.00	2287848	0	2246	2246	1248	1248	1018	1018	9411	9411	51.7	3.20	99.92	11	2240	14	230	3	0	0	0
S4_04_coassembly	S4_04_coassembly_bin.22	c__Deltaproteobacteria (UID3216)	83	247	155	80.87	3.26	40.00	2874874	0	785	785	4385	4385	3662	3662	19662	19662	63.1	2.24	91.71	11	3083	44	193	10	0	0	0
S4_04_coassembly	S4_04_coassembly_bin.22-nucleotides	c__Deltaproteobacteria (UID3216)	83	247	155	80.87	3.91	45.45	2641188	0	3083	3083	1161	1161	856	856	7878	7878	63.2	2.76	99.88	11	3072	44	192	11	0	0	0
S4_04_coassembly	S4_04_coassembly_bin.23	c__Deltaproteobacteria (UID3216)	83	247	155	97.42	0.84	20.00	6130964	0	592	592	15921	15921	10356	10356	61516	61516	55.8	2.75	87.36	11	5587	4	238	5	0	0	0
S4_04_coassembly	S4_04_coassembly_bin.23-nucleotides	c__Deltaproteobacteria (UID3216)	83	247	155	97.10	0.84	20.00	5363799	0	5587	5587	1194	1194	960	960	9063	9063	56.7	4.05	99.69	11	5528	5	237	5	0	0	0
S4_04_coassembly	S4_04_coassembly_bin.24	k__Archaea (UID2)	207	149	107	91.98	0.00	0.00	1018462	0	52	52	36335	36335	19585	19585	106076	106076	43.4	1.26	94.15	11	1134	10	139	0	0	0	0
S4_04_coassembly	S4_04_coassembly_bin.24-nucleotides	k__Archaea (UID2)	207	149	107	91.98	0.00	0.00	960624	0	1134	1134	1104	1104	847	847	10203	10203	44.0	2.84	99.92	11	1131	10	139	0	0	0	0
S4_04_coassembly	S4_04_coassembly_bin.25	c__Deltaproteobacteria (UID3216)	83	247	155	80.02	1.34	25.00	4321355	0	853	853	6370	6370	5066	5066	25670	25670	66.8	1.86	94.49	11	4310	47	196	4	0	0	0
S4_04_coassembly	S4_04_coassembly_bin.25-nucleotides	c__Deltaproteobacteria (UID3216)	83	247	155	80.02	1.34	25.00	4088844	0	4310	4310	1254	1254	948	948	6690	6690	67.2	2.50	99.95	11	4303	47	196	4	0	0	0
S4_04_coassembly	S4_04_coassembly_bin.26	k__Bacteria (UID2495)	2993	147	91	82.50	1.28	50.00	2228383	0	901	901	2857	2857	2473	2473	14687	14687	62.5	3.82	91.87	11	2829	18	127	2	0	0	0
S4_04_coassembly	S4_04_coassembly_bin.26-nucleotides	k__Bacteria (UID2495)	2993	147	91	82.50	1.28	50.00	2050050	0	2829	2829	963	963	724	724	6477	6477	63.2	4.13	99.80	11	2812	18	127	2	0	0	0
S4_04_coassembly	S4_04_coassembly_bin.3	k__Bacteria (UID1452)	924	151	101	82.97	0.99	0.00	799003	0	114	114	10492	10492	7008	7008	29216	29216	44.8	1.89	92.50	11	940	20	130	1	0	0	0
S4_04_coassembly	S4_04_coassembly_bin.3-nucleotides	k__Bacteria (UID1452)	924	151	101	82.97	0.99	0.00	740634	0	940	940	1023	1023	787	787	3972	3972	45.3	2.67	99.80	11	933	20	130	1	0	0	0
S4_04_coassembly	S4_04_coassembly_bin.4	k__Bacteria (UID3187)	2258	190	119	85.42	3.83	16.67	2318644	0	351	351	7947	7947	6605	6605	27420	27420	52.9	1.96	91.35	11	2306	25	159	6	0	0	0
S4_04_coassembly	S4_04_coassembly_bin.4-nucleotides	k__Bacteria (UID3187)	2258	190	119	84.58	3.83	16.67	2120592	0	2306	2306	1173	1173	919	919	4686	4686	53.8	3.02	99.93	11	2298	26	158	6	0	0	0
S4_04_coassembly	S4_04_coassembly_bin.5	p__Euryarchaeota (UID49)	95	228	153	95.10	3.24	0.00	2024785	0	122	122	26257	26257	16596	16596	104924	104924	43.4	1.42	90.07	11	2247	9	208	11	0	0	0
S4_04_coassembly	S4_04_coassembly_bin.5-nucleotides	p__Euryarchaeota (UID49)	95	228	153	94.77	3.24	0.00	1828248	0	2247	2247	1062	1062	813	813	6174	6174	44.1	3.18	99.85	11	2236	10	207	11	0	0	0
S4_04_coassembly	S4_04_coassembly_bin.6	k__Bacteria (UID1453)	901	171	117	83.42	4.27	28.57	3557129	0	729	729	6083	6083	4879	4879	24041	24041	65.3	1.14	93.40	11	3913	45	119	7	0	0	0
S4_04_coassembly	S4_04_coassembly_bin.6-nucleotides	k__Bacteria (UID1453)	901	171	117	82.56	4.27	28.57	3328692	0	3913	3913	1089	1089	850	850	6066	6066	65.4	1.70	99.93	11	3903	46	118	7	0	0	0
S4_04_coassembly	S4_04_coassembly_bin.7	k__Bacteria (UID2495)	2993	147	91	91.14	0.00	0.00	3322752	0	480	480	10039	10039	6922	6922	47439	47439	45.4	1.77	91.29	11	2768	11	136	0	0	0	0
S4_04_coassembly	S4_04_coassembly_bin.7-nucleotides	k__Bacteria (UID2495)	2993	147	91	91.14	0.00	0.00	3037644	0	2768	2768	1461	1461	1097	1097	18480	18480	46.1	3.05	99.89	11	2751	11	136	0	0	0	0
S4_04_coassembly	S4_04_coassembly_bin.8	k__Bacteria (UID2495)	2993	147	91	92.98	4.95	20.00	4423106	0	555	555	13770	13770	7969	7969	54386	54386	51.4	2.58	88.06	11	4250	8	134	5	0	0	0
S4_04_coassembly	S4_04_coassembly_bin.8-nucleotides	k__Bacteria (UID2495)	2993	147	91	92.98	4.95	20.00	3902850	0	4250	4250	1212	1212	918	918	5772	5772	52.2	3.51	99.60	11	4193	8	134	5	0	0	0
S4_04_coassembly	S4_04_coassembly_bin.9	o__Actinomycetales (UID1663)	488	310	185	92.00	2.59	28.57	2895394	0	262	262	18289	18289	11051	11051	93576	93576	69.8	1.42	91.60	11	2770	24	279	7	0	0	0
S4_04_coassembly	S4_04_coassembly_bin.9-nucleotides	o__Actinomycetales (UID1663)	488	310	185	92.00	2.59	28.57	2656266	0	2770	2770	1203	1203	958	958	9273	9273	69.8	2.29	99.94	11	2764	24	279	7	0	0	0
S5_01_coassembly	S5_01_coassembly_bin.1	o__Rhizobiales (UID3447)	356	416	249	90.30	0.47	0.00	2312690	0	264	264	14020	14020	8760	8760	52739	52739	61.9	2.51	88.30	11	2397	30	382	4	0	0	0
S5_01_coassembly	S5_01_coassembly_bin.2	o__Actinomycetales (UID1815)	120	572	265	87.55	2.74	57.14	3590982	0	443	443	12711	12711	8106	8106	68560	68560	68.4	1.94	93.20	11	3644	91	467	14	0	0	0
S5_01_coassembly	S5_01_coassembly_bin.3	k__Bacteria (UID2565)	2921	143	88	83.81	4.78	0.00	3747327	0	937	937	4701	4701	3999	3999	101233	101233	67.4	1.73	93.18	11	3867	16	120	7	0	0	0
S5_01_coassembly	S5_01_coassembly_bin.4	o__Actinomycetales (UID1815)	120	574	266	94.80	2.98	58.82	3903753	0	286	286	18549	18549	13649	13649	73945	73945	64.6	1.48	90.44	11	3925	30	527	17	0	0	0
S5_01_coassembly	S5_01_coassembly_bin.5	c__Deltaproteobacteria (UID3216)	83	247	155	91.02	1.37	0.00	3387501	0	172	172	37217	37217	19694	19694	94047	94047	43.1	1.90	88.29	11	3261	16	215	16	0	0	0
S6_01_coassembly	S6_01_coassembly_bin.1	o__Actinomycetales (UID1590)	562	286	170	94.59	0.59	100.00	2415229	0	125	125	29403	29403	19321	19321	81499	81499	69.8	1.20	93.27	11	2420	16	269	1	0	0	0
S6_01_coassembly	S6_01_coassembly_bin.2	o__Actinomycetales (UID1815)	120	572	265	88.21	3.66	35.29	3482782	0	393	393	13767	13767	8862	8862	72776	72776	68.5	1.63	93.44	11	3506	87	468	17	0	0	0
S6_01_coassembly	S6_01_coassembly_bin.3	o__Rhizobiales (UID3447)	356	416	249	91.63	1.42	0.00	2219755	0	275	275	14852	14852	8071	8071	57404	57404	62.3	1.73	89.10	11	2318	30	380	6	0	0	0
S6_01_coassembly	S6_01_coassembly_bin.4	c__Deltaproteobacteria (UID3216)	83	247	155	92.48	1.29	50.00	2629286	0	311	311	11223	11223	8454	8454	42926	42926	43.1	1.99	83.21	11	2432	17	228	2	0	0	0
S6_01_coassembly	S6_01_coassembly_bin.5	k__Bacteria (UID1453)	901	171	117	89.74	3.85	0.00	2417586	0	251	251	13124	13124	9631	9631	50564	50564	66.0	0.97	93.72	11	2547	19	145	7	0	0	0
S6_01_coassembly	S6_01_coassembly_bin.6	k__Bacteria (UID2565)	2921	142	87	81.21	1.38	50.00	2553229	0	418	418	7433	7433	6108	6108	35207	35207	49.3	1.64	90.15	11	2365	33	107	2	0	0	0
S6_01_coassembly	S6_01_coassembly_bin.7	p__Euryarchaeota (UID3)	148	188	125	80.52	0.00	0.00	1589238	0	502	502	3782	3782	3165	3165	22464	22464	32.1	2.61	92.39	11	2018	34	154	0	0	0	0
S9_01_coassembly	S9_01_coassembly_bin.1	k__Bacteria (UID2565)	2921	143	88	94.32	2.41	0.00	2201629	0	164	164	18203	18203	13424	13424	90065	90065	47.9	1.82	88.77	11	2050	5	134	4	0	0	0
S9_01_coassembly	S9_01_coassembly_bin.2	k__Bacteria (UID2565)	2921	142	87	82.55	3.80	60.00	3854224	0	775	775	6786	6786	4973	4973	37618	37618	48.9	1.76	89.07	11	3745	35	102	5	0	0	0
S9_01_coassembly	S9_01_coassembly_bin.3	c__Deltaproteobacteria (UID3217)	62	280	168	93.45	2.53	50.00	3074905	0	217	217	27442	27442	14170	14170	94329	94329	48.7	1.97	89.56	11	2951	15	259	6	0	0	0
S9_01_coassembly	S9_01_coassembly_bin.4	c__Deltaproteobacteria (UID3216)	83	247	155	98.06	2.19	18.18	3776122	0	246	246	30422	30422	15350	15350	78289	78289	42.8	2.13	81.73	11	3333	4	232	11	0	0	0
S9_01_coassembly	S9_01_coassembly_bin.5	c__Deltaproteobacteria (UID3216)	83	247	155	81.67	2.95	71.43	1593631	0	298	298	6898	6898	5347	5347	21007	21007	42.4	1.84	85.05	11	1636	39	201	7	0	0	0
S9_01_coassembly	S9_01_coassembly_bin.6	k__Bacteria (UID2569)	434	278	186	97.31	2.33	40.00	3748875	0	150	150	40460	40460	24992	24992	128899	128899	35.3	1.63	90.59	11	3146	5	268	5	0	0	0
S9_01_coassembly	S9_01_coassembly_bin.7	o__Actinomycetales (UID1815)	120	572	265	90.60	0.57	33.33	3514369	0	299	299	22048	22048	11753	11753	93419	93419	68.5	1.41	93.37	11	3491	77	492	3	0	0	0
S9_01_coassembly	S9_01_coassembly_bin.8	o__Actinomycetales (UID1815)	120	574	266	98.42	3.51	50.00	4194239	0	284	284	31131	31131	14768	14768	123326	123326	64.3	1.49	89.76	11	4246	8	542	19	5	0	0
S9_01_coassembly	S9_01_coassembly_bin.9	o__Rhizobiales (UID3447)	356	416	249	92.11	3.44	45.45	2252340	0	168	168	24666	24666	13406	13406	77697	77697	62.3	1.63	88.56	11	2310	31	374	11	0	0	0
